{"RuleTriggered": 0, "Violations": 0, "Details": {"pin_memory": false, "num_workers": 0, "cores": 4, "dataloaders": 1, "dataloading_time": {"p25": 0.410498, "p50": 0.410498, "p95": 0.410498, "probs": [0, 0, 0, 0, 0, 0, 0, 0, 0, 0, 0, 0, 0, 0, 0, 0, 0, 0, 0, 0, 0, 0, 0, 0, 0, 0, 0, 0, 0, 0, 0, 0, 0, 0, 0, 0, 0, 0, 0, 0, 0, 0, 0, 0, 0, 0, 0, 0, 0, 0, 1, 0, 0, 0, 0, 0, 0, 0, 0, 0, 0, 0, 0, 0, 0, 0, 0, 0, 0, 0, 0, 0, 0, 0, 0, 0, 0, 0, 0, 0, 0, 0, 0, 0, 0, 0, 0, 0, 0, 0, 0, 0, 0, 0, 0, 0, 0, 0, 0, 0], "binedges": [-0.08950200000000003, -0.07950200000000003, -0.06950200000000002, -0.05950200000000003, -0.049502000000000025, -0.03950200000000002, -0.029502000000000028, -0.01950200000000002, -0.009502000000000024, 0.0004979999999999707, 0.01049799999999998, 0.020497999999999975, 0.03049799999999997, 0.04049799999999998, 0.05049799999999999, 0.06049799999999997, 0.07049799999999998, 0.08049799999999999, 0.09049799999999997, 0.10049799999999998, 0.11049799999999999, 0.12049799999999997, 0.13049799999999998, 0.14049799999999998, 0.15049799999999997, 0.16049799999999997, 0.17049799999999998, 0.180498, 0.190498, 0.20049799999999995, 0.21049799999999996, 0.22049799999999997, 0.23049799999999998, 0.240498, 0.250498, 0.260498, 0.27049799999999996, 0.28049799999999997, 0.290498, 0.300498, 0.310498, 0.320498, 0.33049799999999996, 0.34049799999999997, 0.350498, 0.360498, 0.370498, 0.380498, 0.39049799999999996, 0.40049799999999997, 0.410498, 0.420498, 0.430498, 0.440498, 0.450498, 0.460498, 0.470498, 0.48049800000000004, 0.49049799999999993, 0.5004979999999999, 0.5104979999999999, 0.5204979999999999, 0.5304979999999999, 0.5404979999999999, 0.5504979999999999, 0.5604979999999999, 0.570498, 0.580498, 0.590498, 0.600498, 0.610498, 0.620498, 0.630498, 0.640498, 0.650498, 0.660498, 0.670498, 0.680498, 0.6904980000000001, 0.7004980000000001, 0.7104980000000001, 0.7204980000000001, 0.7304980000000001, 0.7404980000000001, 0.7504979999999999, 0.7604979999999999, 0.7704979999999999, 0.7804979999999999, 0.7904979999999999, 0.8004979999999999, 0.8104979999999999, 0.820498, 0.830498, 0.840498, 0.850498, 0.860498, 0.870498, 0.880498, 0.890498, 0.900498, 0.910498]}}, "Datapoints": 1, "RuleParameters": "min_threshold:70\nmax_threshold:200"}