{"RuleTriggered": 0, "Violations": 0, "Details": {"step_num": {"first": 1742735777346958, "last": 1742735997882247}, "job_start": 1742735681.001178, "job_end": 1742735999.501876}, "Datapoints": 66, "RuleParameters": "threshold:20"}