{"RuleTriggered": 0, "Violations": 0, "Details": {"ratio": {"cpu_functions": 100.0}, "phase": {"Step:ModeKeys.TRAIN": 71.94157966605388, "others": 0.3870560626559207, "Step:ModeKeys.EVAL": 27.671364271290187}, "phase_time": {}, "CPU": {"aten::conv2d": 18.924346859525347, "aten::convolution": 18.921112125063473, "aten::_convolution": 18.919196975418178, "aten::mkldnn_convolution": 18.914339034854496, "aten::batch_norm": 7.376724357241038, "aten::_batch_norm_impl_index": 7.374015121157444, "aten::native_batch_norm": 7.370114755416414, "enumerate(DataLoader)#_SingleProcessDataLoaderIter.__next__": 2.2001507713236004}, "CPU_total": {"aten::conv2d": 3241097, "aten::convolution": 3240543, "aten::_convolution": 3240215, "aten::mkldnn_convolution": 3239383, "aten::batch_norm": 1263382, "aten::_batch_norm_impl_index": 1262918, "aten::native_batch_norm": 1262250, "enumerate(DataLoader)#_SingleProcessDataLoaderIter.__next__": 376811}, "general": {"DataLoaderIterInitialize": 0.0004906924172979609, "DataLoaderIter": 0.19386742629064327, "Forward": 99.80564188129206}}, "Datapoints": 0, "RuleParameters": ""}